type,content,mentions,mention_roles,attachments,embeds,timestamp,edited_timestamp,flags,components,id,channel_id,author,pinned,mention_everyone,tts
0,"Hello Everyone , I’m an ethical hacker offering any kind of hacking related services.
Feel free to contact me for help regarding hacking issues",[],[],[],[],2025-01-04T00:56:52.797000+00:00,,0,[],1324904350941712395,1128324284754968637,"{'id': '1203702035715989567', 'username': 'aaronstic', 'avatar': 'c387a652bc461ae4734669cf1aeb5d50', 'discriminator': '0', 'public_flags': 0, 'flags': 0, 'banner': None, 'accent_color': None, 'global_name': '~Sir Dystic~', 'avatar_decoration_data': None, 'banner_color': None, 'clan': None, 'primary_guild': None}",False,False,False
0,"Hello everyone, is there anyway to handle my proxy based o status code or response, for example if I get a certain status code, the proxy gets disabled !!",[],[],[],[],2025-01-01T13:33:15.722000+00:00,,0,[],1324007537128771594,1128324284754968637,"{'id': '1301231904996986883', 'username': 'mae075336', 'avatar': None, 'discriminator': '0', 'public_flags': 0, 'flags': 0, 'banner': None, 'accent_color': None, 'global_name': 'MAE', 'avatar_decoration_data': None, 'banner_color': None, 'clan': None, 'primary_guild': None}",False,False,False
0,"Hello Everyone , I’m an ethical hacker offering any kind of hacking related services.
Feel free to contact me for help regarding hacking issues",[],[],[],[],2024-12-27T08:12:21.264000+00:00,,0,[],1322114838750560306,1128324284754968637,"{'id': '1203702035715989567', 'username': 'aaronstic', 'avatar': 'c387a652bc461ae4734669cf1aeb5d50', 'discriminator': '0', 'public_flags': 0, 'flags': 0, 'banner': None, 'accent_color': None, 'global_name': '~Sir Dystic~', 'avatar_decoration_data': None, 'banner_color': None, 'clan': None, 'primary_guild': None}",False,False,False
0,"hello everyone.
this is my first time in here.
I am a scraper and bot dev with +5 years of experience
I look forward to your continued support",[],[],[],[],2024-11-29T15:33:20.699000+00:00,,0,[],1312078957427949600,1128324284754968637,"{'id': '1196936268718805023', 'username': 'exp0300.', 'avatar': 'e199f2fb1be460a74adfb580aad50abe', 'discriminator': '0', 'public_flags': 0, 'flags': 0, 'banner': None, 'accent_color': None, 'global_name': 'Exp', 'avatar_decoration_data': None, 'banner_color': None, 'clan': None, 'primary_guild': None}",False,False,False
0,hello everyone,[],[],[],[],2024-11-29T15:21:18.679000+00:00,,0,[],1312075929056575580,1128324284754968637,"{'id': '1172480938517729293', 'username': 'striker_dev0111', 'avatar': '4c7cf93060b1993bcf8bc1f50d79ce56', 'discriminator': '0', 'public_flags': 0, 'flags': 0, 'banner': None, 'accent_color': None, 'global_name': 'Striker', 'avatar_decoration_data': None, 'banner_color': None, 'clan': None, 'primary_guild': None}",False,False,False
0,"Hello everyone
Please contact me if you have experience in bypassing recaptcha V3. the budget is $250, not negotiable.",[],[],[],[],2024-11-12T16:03:05.740000+00:00,,0,[],1305925850717225103,1128324284754968637,"{'id': '1280212091504164925', 'username': 'adam_9110', 'avatar': '52e2df49301923d858f8512beaac692c', 'discriminator': '0', 'public_flags': 0, 'flags': 0, 'banner': None, 'accent_color': None, 'global_name': 'Adam', 'avatar_decoration_data': None, 'banner_color': None, 'clan': None, 'primary_guild': None}",False,False,False
0,"Hello everyone,

I'm a seasoned web scraping expert with extensive experience in extracting, processing, and transforming large datasets from a diverse range of websites. Over the years, I've developed a deep understanding of leveraging modern scraping tools, handling complex data structures, and ensuring compliance with best practices and legal guidelines.

I’m skilled in a variety of scraping frameworks and programming languages, including Python (with libraries like BeautifulSoup, Scrapy, and Selenium) and JavaScript, for dynamic and AJAX-based sites. Additionally, I specialize in optimizing scrapers for efficiency, handling anti-scraping mechanisms, and managing large-scale data pipelines for actionable insights.

I look forward to connecting with this community, sharing my knowledge, and learning from others in this space. Please feel free to reach out if you’d like to discuss strategies, tools, or any challenges you’re facing in the scraping realm.

Excited to be here and ready to dive in!",[],[],[],[],2024-11-03T10:13:17.202000+00:00,,0,[],1302576327618203738,1128324284754968637,"{'id': '1243010746275856446', 'username': 'sud_201', 'avatar': '9f546354bc6d3449e539b746a1b9d3aa', 'discriminator': '0', 'public_flags': 0, 'flags': 0, 'banner': None, 'accent_color': None, 'global_name': 'su', 'avatar_decoration_data': None, 'banner_color': None, 'clan': None, 'primary_guild': None}",False,False,False
0,"Hello everyone!

If you are encountering a challenging problem, I am here to assist you.
I enjoy part-time jobs that allow me to develop or improve my various skills and generate steady profits during my free time from work.

I am a senior software developer with significant experience in web development, desktop applications, and firmware development. My areas of expertise include programming languages such as: C/C++, VB.NET, VBA, C#, Python, HTML, JavaScript, PHP, with a preference for C#, Python, JavaScript, and PHP.
In the web development space, I like projects that utilize MERN stack, PHP, and Laravel.
My skill set includes not only the web development stack, but also Windows system APIs, algorithm design and optimization, data and image processing, various bot development and utilization including Telegram bots, and firmware development for devices. 
For example, I can develop software that analyzes the screen situation and autonomously controls keyboard and mouse inputs to help users achieve high scores in games. 

Also I recently performed a task to analyze the usage mechanism of users on a certain site, identify specific actions, and immediately report them to the administrator via Telegram bot. The administrator then controls the terms of use of users through button commands, and if necessary, the user's specific actions are approved by the administrator via Telegram bot.
I also have experience developing websites that support futures and spot trading of cryptocurrencies.
Also, I have a strong passion for data scraping in my free time and am good at debugging in various programming languages.

I enjoy challenges and taking on new tasks, even if they are outside my previous experience. I enjoy learning new concepts and adapt quickly to new technologies.

Feel free to contact me if you are interested in collaborating or have a project in mind.

Thank you!",[],[],[],[],2024-10-28T16:56:57.140000+00:00,,0,[],1300503586207301717,1128324284754968637,"{'id': '1282853420377837631', 'username': 'anatolii_zhang', 'avatar': 'aa3b474ddb84fffbba0558a653872011', 'discriminator': '0', 'public_flags': 0, 'flags': 0, 'banner': None, 'accent_color': None, 'global_name': 'Anatolii Zhang', 'avatar_decoration_data': None, 'banner_color': None, 'clan': None, 'primary_guild': None}",False,False,False
0,"Hello everyone!

If you are encountering a challenging problem, I am here to assist you.

I enjoy part-time jobs that allow me to develop or improve my various skills and generate steady profits during my free time from work.

I am a senior software developer with significant experience in web development, desktop applications, and firmware development. My areas of expertise include programming languages such as: C/C++, VB.NET, VBA, C#, Python, HTML, JavaScript, PHP, with a preference for C#, Python, JavaScript, and PHP. I also use various database engines including Microsoft SQL Server, MySQL, MongoDB, and SQLite.

In the web development space, I like projects that utilize MERN stack, PHP, and Laravel.

My skill set includes not only the web development stack, but also Windows system APIs, algorithm design and optimization, data and image processing, various bot development and utilization including Telegram bots, and firmware development for devices. 

For example, I can develop software that analyzes the screen situation and autonomously controls keyboard and mouse inputs to help users achieve high scores in games. 

Also I recently performed a task to analyze the usage mechanism of users on a certain site, identify specific actions, and immediately report them to the administrator via Telegram bot. The administrator then controls the terms of use of users through button commands, and if necessary, the user's specific actions are approved by the administrator via Telegram bot.

I also have experience developing websites that support futures and spot trading of cryptocurrencies.

Also, I have a strong passion for data scraping in my free time and am good at debugging in various programming languages.

I enjoy challenges and taking on new tasks, even if they are outside my previous experience. I enjoy learning new concepts and adapt quickly to new technologies.

Feel free to contact me if you are interested in collaborating or have a project in mind.

Thank you!",[],[],[],[],2024-10-22T15:26:19.384000+00:00,,0,[],1298306451411828796,1128324284754968637,"{'id': '1282853420377837631', 'username': 'anatolii_zhang', 'avatar': 'aa3b474ddb84fffbba0558a653872011', 'discriminator': '0', 'public_flags': 0, 'flags': 0, 'banner': None, 'accent_color': None, 'global_name': 'Anatolii Zhang', 'avatar_decoration_data': None, 'banner_color': None, 'clan': None, 'primary_guild': None}",False,False,False
0,Hello everyone,[],[],[],[],2024-10-07T21:58:24.950000+00:00,,0,[],1292969306803535962,1128324284754968637,"{'id': '533689250864955392', 'username': 'klbarlin', 'avatar': '80b3ee3e8b3afe9e50b650dd621305b8', 'discriminator': '0', 'public_flags': 0, 'flags': 0, 'banner': None, 'accent_color': None, 'global_name': 'Mazn', 'avatar_decoration_data': None, 'banner_color': None, 'clan': None, 'primary_guild': None}",False,False,False
0,hello everyone,[],[],[],[],2024-09-28T22:00:55.509000+00:00,,0,[],1289708447503487069,1128324284754968637,"{'id': '1068818521682878485', 'username': 'aatrox2.0.', 'avatar': 'a5beca1f2c8918fa20b3d098dcf66553', 'discriminator': '0', 'public_flags': 1048576, 'flags': 1048576, 'banner': None, 'accent_color': None, 'global_name': 'Aatrox2.0', 'avatar_decoration_data': None, 'banner_color': None, 'clan': None, 'primary_guild': None}",False,False,False
0,Hello Everyone,[],[],[],[],2024-08-17T02:04:25.314000+00:00,,0,[],1274187047246233732,1128324284754968637,"{'id': '294588845100367873', 'username': 'jibo16', 'avatar': '3ed12ebdea302bc08a82c7590b47afd6', 'discriminator': '0', 'public_flags': 0, 'flags': 0, 'banner': None, 'accent_color': None, 'global_name': None, 'avatar_decoration_data': None, 'banner_color': None, 'clan': None, 'primary_guild': None}",False,False,False
0,"Hello everyone,

I recently completed a project for a client that involved collecting business leads from Instagram, specifically targeting businesses in Kentucky (KY), USA. I achieved this using a custom Python script I developed for Instagram scraping through browser automation.

You can view a sample of the collected data on this [Google Sheet](https://docs.google.com/spreadsheets/d/1IYiaqHm_PmX5FdhZTIolxQhE3pWJ5T9X/edit?gid=87752022#gid=87752022).

The data includes:
- Name
- Bio
- Email
- Website
- Number of posts, followers, and following
- Joining date
- Account verification status

This tool is designed specifically to target and extract relevant audience data from Instagram profiles. If you're interested in learning more about this tool or have any questions, feel free to reach out. 

Thank you!",[],[],[],"[{'type': 'link', 'url': 'https://docs.google.com/spreadsheets/d/1IYiaqHm_PmX5FdhZTIolxQhE3pWJ5T9X/edit?gid=87752022', 'title': 'Ketuncky Business Data.xlsx', 'description': 'Sheet1\n\nurl,username,description,website,email,phone,profile_name,profile_type,posts,followers,following,date-joined,location,verified,facebook,instagram,twitter,tiktok,youtube,linkedin\nhttps://www.instagram.com/502kyrealestate,502kyrealestate,no description,https://www.livein502.com/,` sarahg@co...', 'provider': {'name': 'Google Docs'}, 'thumbnail': {'url': 'https://lh7-us.googleusercontent.com/docs/AHkbwyIBdF_4aQhdTr3h1zP0gPI4s-8x_wdPsFJxVxHSRNyBiAstCQrsdEJYkpTcsqhDPYLio70p5_fGLocElEcc7yajOd6axJ_EruZcnA=w1200-h630-p', 'proxy_url': 'https://images-ext-1.discordapp.net/external/rNx9-YGERYQMUaJn-rxB209GVCMhtMgGrFMBwCvlX6k/https/lh7-us.googleusercontent.com/docs/AHkbwyIBdF_4aQhdTr3h1zP0gPI4s-8x_wdPsFJxVxHSRNyBiAstCQrsdEJYkpTcsqhDPYLio70p5_fGLocElEcc7yajOd6axJ_EruZcnA%3Dw1200-h630-p', 'width': 1200, 'height': 630, 'placeholder': 'PQgCBIC2iNZ6d4efdocAAAAAAA==', 'placeholder_version': 1, 'flags': 0}, 'content_scan_version': 1}]",2024-06-16T11:13:10.311000+00:00,,0,[],1251857097025650749,1128324284754968637,"{'id': '898769971428098048', 'username': 'saad_khan_di5cord', 'avatar': '17d6e37e434aa3aafa30fad2b5bd589b', 'discriminator': '0', 'public_flags': 0, 'flags': 0, 'banner': None, 'accent_color': None, 'global_name': 'saad_python_dev', 'avatar_decoration_data': None, 'banner_color': None, 'clan': None, 'primary_guild': None}",False,False,False
0,Hello everyone! I’m currently exploring browser fingerprinting. Would anyone have any firsthand recommendations of techniques to ensure protection against it?,[],[],[],[],2024-06-06T10:44:41.554000+00:00,,0,[],1248226051323330573,1128324284754968637,"{'id': '1167002392886251582', 'username': 'arr_madilo', 'avatar': '11817a79e63655a6ee5a27c63179e472', 'discriminator': '0', 'public_flags': 0, 'flags': 0, 'banner': None, 'accent_color': None, 'global_name': 'Arr_madilo', 'avatar_decoration_data': None, 'banner_color': None, 'clan': None, 'primary_guild': None}",False,False,False
0,"Hello everyone.
I am going to build the game betting web site(card game).
Required skill is web3, next, node, mongodb, UI/UI design.
If anyone is interested in my idea, feel free to message me.",[],[],[],[],2024-01-26T13:59:37.492000+00:00,,0,[],1200439909383671888,1128324284754968637,"{'id': '1155855806961553528', 'username': 'happylifesdev', 'avatar': '751d73b4a9c819fb8dda68877926b5c0', 'discriminator': '0', 'public_flags': 0, 'flags': 0, 'banner': None, 'accent_color': None, 'global_name': 'HappyLife', 'avatar_decoration_data': None, 'banner_color': None, 'clan': None, 'primary_guild': None}",False,False,False
